{"0": [-4.665432498443074, -4.566024985736539, -4.438947425080633, -4.251099276666005, -4.140615870865294], "1": [-4.290109704691888, -3.8954258158201465, -3.755190516285282, -3.718169582842301, -3.6326827513376463], "2": [-4.75992695339119, -4.615114573250636, -4.776400378209746, -4.561496733501319, -4.4467231554253415], "3": [-4.248670778764476, -3.8200974556147953, -3.791572811786707, -4.028181624381244, -4.1014026125318015], "4": [-5.133269175012627, -5.688224976240342, -5.789589279122516, -5.13989096170213, -5.451857179943685], "5": [-4.474983727876888, -4.86293826953552, -4.529829601813912, -4.410876245831362, -4.505908784463183], "6": [-4.048729779267975, -4.5240705248690665, -4.583520924448426, -4.319418431902051, -4.355500937247066], "7": [-4.814971696122193, -4.383792755753937, -4.646073283956404, -4.572537544142964, -5.117487843851196], "8": [-4.268797669901536, -4.360391123427975, -4.491506367883208, -5.101637585289749, -4.841880909898037], "9": [-5.607393304176672, -5.606683024917621, -5.067936351636029, -5.112943440293484, -4.939840605481656]}